emi,channel_key,month,days_in_data,days_with_any_event,daylight_minutes,daylight_coverage_strict,daylight_coverage_zoh
EMI01,DHI,2024-12,11,0,8013,0,0
EMI01,DHI,2025-01,31,20,22568,0.53704360156,0.595932293513
EMI01,DHI,2025-02,28,28,20330,0.888883423512,0.978799803246
EMI01,DHI,2025-03,31,31,22464,0.87869480057,0.971910612536
EMI01,DHI,2025-04,30,30,21693,0.889549624303,0.976674503296
EMI01,DHI,2025-05,31,31,22383,0.8853147478,0.979538042264
EMI01,DHI,2025-06,30,29,21648,0.825526607539,0.90317812269
EMI01,DHI,2025-07,31,31,22375,0.900201117318,0.978055865922
EMI01,DHI,2025-08,31,31,22401,0.841926699701,0.920807106826
EMI01,DHI,2025-09,30,30,21718,0.908555115572,0.981720232066
EMI01,DHI,2025-10,31,31,22496,0.890736130868,0.982574679943
EMI01,DHI,2025-11,30,30,21826,0.889718684138,0.978053697425
EMI01,DHI,2025-12,31,31,22581,0.868030645233,0.973827554138
EMI01,DHI,2026-01,31,31,22568,0.871277915633,0.948466855725
EMI01,DHI,2026-02,28,28,20332,0.871926027936,0.972604760968
EMI01,DHI,2026-03,31,31,22463,0.895517072519,0.980501268753
EMI01,DHI,2026-04,30,29,21694,0.795381211395,0.905734304416
EMI01,DHI,2026-05,31,24,22383,0.588348300049,0.699861502033
EMI01,DHI,2026-06,30,30,21648,0.290558019217,0.383638211382
EMI01,DNIcosZ,2024-12,11,0,8013,0,0
EMI01,DNIcosZ,2025-01,31,19,22568,0.255716058135,0.331265508685
EMI01,DNIcosZ,2025-02,28,28,20330,0.417658632563,0.537924249877
EMI01,DNIcosZ,2025-03,31,29,22464,0.38051994302,0.480279558405
EMI01,DNIcosZ,2025-04,30,26,21693,0.0454985479187,0.0857880422256
EMI01,DNIcosZ,2025-05,31,25,22383,0.0186302104276,0.0545056516106
EMI01,DNIcosZ,2025-06,30,13,21648,0.00415742793792,0.0180617147081
EMI01,DNIcosZ,2025-07,31,22,22375,0.0181899441341,0.0369162011173
EMI01,DNIcosZ,2025-08,31,23,22401,0.0434802017767,0.0867371992322
EMI01,DNIcosZ,2025-09,30,30,21718,0.0569113178009,0.142186204991
EMI01,DNIcosZ,2025-10,31,30,22496,0.226484708393,0.374777738265
EMI01,DNIcosZ,2025-11,30,30,21826,0.187253734079,0.336067075964
EMI01,DNIcosZ,2025-12,31,31,22581,0.164341703202,0.311943669457
EMI01,DNIcosZ,2026-01,31,31,22568,0.237548741581,0.368486352357
EMI01,DNIcosZ,2026-02,28,19,20332,0.103777296872,0.150255754476
EMI01,DNIcosZ,2026-03,31,4,22463,0.000222588256244,0.00249298846993
EMI01,DNIcosZ,2026-04,30,0,21694,0,0
EMI01,DNIcosZ,2026-05,31,10,22383,0.00156368672653,0.0192110083546
EMI01,DNIcosZ,2026-06,30,30,21648,0.00540465631929,0.0709072431633
EMI01,GHI,2024-12,11,0,8013,0,0
EMI01,GHI,2025-01,31,20,22568,0.54922899681,0.596065225097
EMI01,GHI,2025-02,28,28,20330,0.909001475652,0.978848991638
EMI01,GHI,2025-03,31,31,22464,0.89525462963,0.973246082621
EMI01,GHI,2025-04,30,30,21693,0.898769188217,0.977227677131
EMI01,GHI,2025-05,31,31,22383,0.902336594737,0.980342224009
EMI01,GHI,2025-06,30,29,21648,0.832363266814,0.904517738359
EMI01,GHI,2025-07,31,31,22375,0.910659217877,0.978905027933
EMI01,GHI,2025-08,31,31,22401,0.846301504397,0.922280255346
EMI01,GHI,2025-09,30,30,21718,0.910166682015,0.982779261442
EMI01,GHI,2025-10,31,31,22496,0.8963371266,0.983552631579
EMI01,GHI,2025-11,30,30,21826,0.900668926968,0.97842023275
EMI01,GHI,2025-12,31,31,22581,0.884017536867,0.97679465037
EMI01,GHI,2026-01,31,31,22568,0.857408720312,0.933844381425
EMI01,GHI,2026-02,28,28,20332,0.880631516821,0.97378516624
EMI01,GHI,2026-03,31,31,22463,0.906691002983,0.980501268753
EMI01,GHI,2026-04,30,26,21694,0.738453028487,0.812113948557
EMI01,GHI,2026-05,31,24,22383,0.378992985748,0.43734083903
EMI01,GHI,2026-06,30,30,21648,0.504388396157,0.662832594235
EMI01,POA,2024-12,11,0,8013,0,0
EMI01,POA,2025-01,31,20,22568,0.539392059553,0.593096419709
EMI01,POA,2025-02,28,28,20330,0.895081160846,0.974569601574
EMI01,POA,2025-03,31,31,22464,0.875578703704,0.96785968661
EMI01,POA,2025-04,30,30,21693,0.878071267229,0.972802286452
EMI01,POA,2025-05,31,31,22383,0.868650314971,0.975517133539
EMI01,POA,2025-06,30,17,21648,0.45828713969,0.512934220251
EMI01,POA,2025-07,31,1,22375,0,0
EMI01,POA,2025-08,31,5,22401,0.000892817284943,0.00946386322039
EMI01,POA,2025-09,30,25,21718,0.0253246155263,0.0709549682291
EMI01,POA,2025-10,31,31,22496,0.586059743954,0.680698790896
EMI01,POA,2025-11,30,28,21826,0.00705580500321,0.0947951983872
EMI01,POA,2025-12,31,31,22581,0.00677560781188,0.0977370355609
EMI01,POA,2026-01,31,27,22568,0.00611485288905,0.0837025877348
EMI01,POA,2026-02,28,0,20332,0,0
EMI01,POA,2026-03,31,2,22463,4.45176512487e-05,0.00071228241998
EMI01,POA,2026-04,30,0,21694,0,0
EMI01,POA,2026-05,31,10,22383,0.00156368672653,0.0192110083546
EMI01,POA,2026-06,30,30,21648,0.613451589061,0.671932742055
EMI01,RSI_01,2024-12,11,0,8013,0,0
EMI01,RSI_01,2025-01,31,20,22568,0.268123006026,0.439781992201
EMI01,RSI_01,2025-02,28,28,20330,0.408263649779,0.706640432858
EMI01,RSI_01,2025-03,31,31,22464,0.388399216524,0.672142094017
EMI01,RSI_01,2025-04,30,30,21693,0.360208362144,0.644170930715
EMI01,RSI_01,2025-05,31,31,22383,0.378322834294,0.638743689407
EMI01,RSI_01,2025-06,30,29,21648,0.361141906874,0.617470436068
EMI01,RSI_01,2025-07,31,31,22375,0.472223463687,0.691575418994
EMI01,RSI_01,2025-08,31,31,22401,0.373733315477,0.630953975269
EMI01,RSI_01,2025-09,30,30,21718,0.436089879363,0.719265125702
EMI01,RSI_01,2025-10,31,31,22496,0.41936344239,0.733374822191
EMI01,RSI_01,2025-11,30,29,21826,0.0978649317328,0.242829652708
EMI01,RSI_01,2025-12,31,31,22581,0.137682122138,0.291129710819
EMI01,RSI_01,2026-01,31,27,22568,0.298697270471,0.504741226515
EMI01,RSI_01,2026-02,28,0,20332,0,0
EMI01,RSI_01,2026-03,31,2,22463,4.45176512487e-05,0.00071228241998
EMI01,RSI_01,2026-04,30,0,21694,0,0
EMI01,RSI_01,2026-05,31,10,22383,0.00156368672653,0.0192110083546
EMI01,RSI_01,2026-06,30,30,21648,0.00535846267554,0.0701681448633
EMI01,RSI_02,2024-12,11,0,8013,0,0
EMI01,RSI_02,2025-01,31,20,22568,0.265907479617,0.432382133995
EMI01,RSI_02,2025-02,28,28,20330,0.403787506149,0.701032956222
EMI01,RSI_02,2025-03,31,31,22464,0.388043091168,0.670405982906
EMI01,RSI_02,2025-04,30,30,21693,0.361176416356,0.641958235375
EMI01,RSI_02,2025-05,31,31,22383,0.376133672877,0.63977125497
EMI01,RSI_02,2025-06,30,29,21648,0.357307834442,0.617424242424
EMI01,RSI_02,2025-07,31,31,22375,0.470122905028,0.696089385475
EMI01,RSI_02,2025-08,31,31,22401,0.376456408196,0.634614526137
EMI01,RSI_02,2025-09,30,30,21718,0.442351966111,0.724652362096
EMI01,RSI_02,2025-10,31,31,22496,0.421008179232,0.731818990043
EMI01,RSI_02,2025-11,30,29,21826,0.0991936222853,0.24447906167
EMI01,RSI_02,2025-12,31,31,22581,0.135955006421,0.287852619459
EMI01,RSI_02,2026-01,31,27,22568,0.296880538816,0.504829847572
EMI01,RSI_02,2026-02,28,0,20332,0,0
EMI01,RSI_02,2026-03,31,2,22463,4.45176512487e-05,0.00071228241998
EMI01,RSI_02,2026-04,30,0,21694,0,0
EMI01,RSI_02,2026-05,31,10,22383,0.00156368672653,0.0192110083546
EMI01,RSI_02,2026-06,30,30,21648,0.00535846267554,0.0701681448633
EMI01,RSI_03,2024-12,11,0,8013,0,0
EMI01,RSI_03,2025-01,31,20,22568,0.265552995392,0.428925912797
EMI01,RSI_03,2025-02,28,28,20330,0.409542547959,0.701032956222
EMI01,RSI_03,2025-03,31,31,22464,0.388443732194,0.669871794872
EMI01,RSI_03,2025-04,30,30,21693,0.354077352141,0.639422855299
EMI01,RSI_03,2025-05,31,31,22383,0.359692623866,0.642049769915
EMI01,RSI_03,2025-06,30,29,21648,0.351949371766,0.625831485588
EMI01,RSI_03,2025-07,31,31,22375,0.458770949721,0.703553072626
EMI01,RSI_03,2025-08,31,31,22401,0.36672469979,0.628275523414
EMI01,RSI_03,2025-09,30,30,21718,0.430011971636,0.714660650152
EMI01,RSI_03,2025-10,31,31,22496,0.411806543385,0.720528093883
EMI01,RSI_03,2025-11,30,29,21826,0.0985980023825,0.242417300467
EMI01,RSI_03,2025-12,31,31,22581,0.134759310925,0.288339754661
EMI01,RSI_03,2026-01,31,27,22568,0.295772775611,0.503589152783
EMI01,RSI_03,2026-02,28,0,20332,0,0
EMI01,RSI_03,2026-03,31,2,22463,4.45176512487e-05,0.00071228241998
EMI01,RSI_03,2026-04,30,0,21694,0,0
EMI01,RSI_03,2026-05,31,10,22383,0.00156368672653,0.0192110083546
EMI01,RSI_03,2026-06,30,30,21648,0.00535846267554,0.0701681448633
EMI02,DHI,2024-12,11,0,8013,0,0
EMI02,DHI,2025-01,31,20,22568,0.49463842609,0.555786954981
EMI02,DHI,2025-02,28,28,20330,0.882833251353,0.97953762912
EMI02,DHI,2025-03,31,29,22464,0.816506410256,0.910211894587
EMI02,DHI,2025-04,30,30,21693,0.852256488268,0.937122574102
EMI02,DHI,2025-05,31,31,22383,0.903140776482,0.981771880445
EMI02,DHI,2025-06,30,30,21648,0.852596082779,0.930709534368
EMI02,DHI,2025-07,31,31,22375,0.912536312849,0.980201117318
EMI02,DHI,2025-08,31,31,22401,0.860363376635,0.945225659569
EMI02,DHI,2025-09,30,30,21718,0.898563403628,0.984068514596
EMI02,DHI,2025-10,31,31,22496,0.890424964438,0.984797297297
EMI02,DHI,2025-11,30,30,21826,0.895583249336,0.979519838724
EMI02,DHI,2025-12,31,31,22581,0.875647668394,0.977636065719
EMI02,DHI,2026-01,31,31,22568,0.901453385324,0.981389578164
EMI02,DHI,2026-02,28,0,20332,0,0
EMI02,DHI,2026-03,31,2,22463,4.45176512487e-05,0.00071228241998
EMI02,DHI,2026-04,30,0,21694,0,0
EMI02,DHI,2026-05,31,10,22383,0.00151900996292,0.0192110083546
EMI02,DHI,2026-06,30,30,21648,0.614698817443,0.674288617886
EMI02,DNIcosZ,2024-12,11,0,8013,0,0
EMI02,DNIcosZ,2025-01,31,19,22568,0.251639489543,0.332151719248
EMI02,DNIcosZ,2025-02,28,28,20330,0.420708312838,0.55209050664
EMI02,DNIcosZ,2025-03,31,29,22464,0.364805911681,0.47520477208
EMI02,DNIcosZ,2025-04,30,28,21693,0.103950583137,0.169639976029
EMI02,DNIcosZ,2025-05,31,28,22383,0.0851539114507,0.15100746102
EMI02,DNIcosZ,2025-06,30,27,21648,0.0748798965262,0.130912786401
EMI02,DNIcosZ,2025-07,31,28,22375,0.114770949721,0.17094972067
EMI02,DNIcosZ,2025-08,31,26,22401,0.101290120977,0.160126780054
EMI02,DNIcosZ,2025-09,30,30,21718,0.246017128649,0.358596555852
EMI02,DNIcosZ,2025-10,31,31,22496,0.180876600284,0.322501778094
EMI02,DNIcosZ,2025-11,30,29,21826,0.271098689636,0.340419682947
EMI02,DNIcosZ,2025-12,31,31,22581,0.247996102918,0.329967671937
EMI02,DNIcosZ,2026-01,31,21,22568,0.235244594116,0.287663948954
EMI02,DNIcosZ,2026-02,28,0,20332,0,0
EMI02,DNIcosZ,2026-03,31,2,22463,4.45176512487e-05,0.00071228241998
EMI02,DNIcosZ,2026-04,30,0,21694,0,0
EMI02,DNIcosZ,2026-05,31,10,22383,0.00151900996292,0.0192110083546
EMI02,DNIcosZ,2026-06,30,30,21648,0.0211104951959,0.127171101256
EMI02,GHI,2024-12,11,0,8013,0,0
EMI02,GHI,2025-01,31,20,22568,0.508330379298,0.555786954981
EMI02,GHI,2025-02,28,28,20330,0.906837186424,0.979390063945
EMI02,GHI,2025-03,31,29,22464,0.833956552707,0.90994480057
EMI02,GHI,2025-04,30,30,21693,0.857834324436,0.936984280644
EMI02,GHI,2025-05,31,31,22383,0.903542867355,0.981414466336
EMI02,GHI,2025-06,30,30,21648,0.854905764967,0.930201404287
EMI02,GHI,2025-07,31,31,22375,0.912938547486,0.980245810056
EMI02,GHI,2025-08,31,31,22401,0.864693540467,0.944064997098
EMI02,GHI,2025-09,30,30,21718,0.910949442858,0.984298738374
EMI02,GHI,2025-10,31,31,22496,0.892869843528,0.984263869132
EMI02,GHI,2025-11,30,30,21826,0.909694859342,0.979382387978
EMI02,GHI,2025-12,31,31,22581,0.888711748815,0.976927505425
EMI02,GHI,2026-01,31,31,22568,0.912841191067,0.981611130805
EMI02,GHI,2026-02,28,0,20332,0,0
EMI02,GHI,2026-03,31,2,22463,4.45176512487e-05,0.00071228241998
EMI02,GHI,2026-04,30,0,21694,0,0
EMI02,GHI,2026-05,31,10,22383,0.00151900996292,0.0192110083546
EMI02,GHI,2026-06,30,30,21648,0.619271988174,0.675027716186
EMI02,POA,2024-12,11,0,8013,0,0
EMI02,POA,2025-01,31,17,22568,0.468583835519,0.510324353066
EMI02,POA,2025-02,28,28,20330,0.906148548942,0.978799803246
EMI02,POA,2025-03,31,29,22464,0.834846866097,0.909544159544
EMI02,POA,2025-04,30,30,21693,0.856820172406,0.936431106809
EMI02,POA,2025-05,31,31,22383,0.907161685208,0.981950587499
EMI02,POA,2025-06,30,30,21648,0.856245380636,0.930062823356
EMI02,POA,2025-07,31,31,22375,0.914994413408,0.979754189944
EMI02,POA,2025-08,31,31,22401,0.86420249096,0.944154278827
EMI02,POA,2025-09,30,30,21718,0.910581084814,0.983792246063
EMI02,POA,2025-10,31,31,22496,0.895448079659,0.984575035562
EMI02,POA,2025-11,30,30,21826,0.906716759828,0.978282782003
EMI02,POA,2025-12,31,31,22581,0.887206058191,0.976174660112
EMI02,POA,2026-01,31,31,22568,0.913904643743,0.981079404467
EMI02,POA,2026-02,28,0,20332,0,0
EMI02,POA,2026-03,31,2,22463,4.45176512487e-05,0.00071228241998
EMI02,POA,2026-04,30,0,21694,0,0
EMI02,POA,2026-05,31,10,22383,0.00151900996292,0.0192110083546
EMI02,POA,2026-06,30,30,21648,0.622228381375,0.675859201774
EMI02,RSI_01,2024-12,11,0,8013,0,0
EMI02,RSI_01,2025-01,31,20,22568,0.25389932648,0.401896490606
EMI02,RSI_01,2025-02,28,28,20330,0.415395966552,0.730103295622
EMI02,RSI_01,2025-03,31,29,22464,0.366987179487,0.637686965812
EMI02,RSI_01,2025-04,30,30,21693,0.32826257318,0.612962706864
EMI02,RSI_01,2025-05,31,31,22383,0.3465129786,0.652146718492
EMI02,RSI_01,2025-06,30,30,21648,0.33328713969,0.629988913525
EMI02,RSI_01,2025-07,31,29,22375,0.411932960894,0.691083798883
EMI02,RSI_01,2025-08,31,31,22401,0.331503057899,0.605642605241
EMI02,RSI_01,2025-09,30,30,21718,0.397412284741,0.688875587071
EMI02,RSI_01,2025-10,31,31,22496,0.370065789474,0.690611664296
EMI02,RSI_01,2025-11,30,30,21826,0.392055346834,0.708008796848
EMI02,RSI_01,2025-12,31,31,22581,0.347415969178,0.660643904167
EMI02,RSI_01,2026-01,31,31,22568,0.410138248848,0.731433888692
EMI02,RSI_01,2026-02,28,0,20332,0,0
EMI02,RSI_01,2026-03,31,2,22463,4.45176512487e-05,0.00071228241998
EMI02,RSI_01,2026-04,30,0,21694,0,0
EMI02,RSI_01,2026-05,31,10,22383,0.00151900996292,0.0192110083546
EMI02,RSI_01,2026-06,30,30,21648,0.261640798226,0.464754249815
EMI02,RSI_02,2024-12,11,0,8013,0,0
EMI02,RSI_02,2025-01,31,20,22568,0.244106699752,0.387274016306
EMI02,RSI_02,2025-02,28,28,20330,0.394540088539,0.690998524348
EMI02,RSI_02,2025-03,31,29,22464,0.354389245014,0.61582977208
EMI02,RSI_02,2025-04,30,30,21693,0.320425943853,0.581984972111
EMI02,RSI_02,2025-05,31,30,22383,0.334450252424,0.605995621677
EMI02,RSI_02,2025-06,30,30,21648,0.318828529194,0.58698263119
EMI02,RSI_02,2025-07,31,29,22375,0.402815642458,0.648581005587
EMI02,RSI_02,2025-08,31,31,22401,0.321191018258,0.569081737422
EMI02,RSI_02,2025-09,30,30,21718,0.39096601897,0.647066949075
EMI02,RSI_02,2025-10,31,31,22496,0.368865576102,0.633623755334
EMI02,RSI_02,2025-11,30,30,21826,0.382021442317,0.643132044351
EMI02,RSI_02,2025-12,31,31,22581,0.339223240778,0.614321774944
EMI02,RSI_02,2026-01,31,31,22568,0.382399858206,0.695143566111
EMI02,RSI_02,2026-02,28,0,20332,0,0
EMI02,RSI_02,2026-03,31,2,22463,4.45176512487e-05,0.00071228241998
EMI02,RSI_02,2026-04,30,0,21694,0,0
EMI02,RSI_02,2026-05,31,10,22383,0.00151900996292,0.0192110083546
EMI02,RSI_02,2026-06,30,30,21648,0.253972653363,0.447847376201
EMI02,RSI_03,2024-12,11,0,8013,0,0
EMI02,RSI_03,2025-01,31,20,22568,0.245170152428,0.384393831974
EMI02,RSI_03,2025-02,28,28,20330,0.396999508116,0.69168716183
EMI02,RSI_03,2025-03,31,29,22464,0.362847222222,0.623798076923
EMI02,RSI_03,2025-04,30,30,21693,0.322315954455,0.584289863089
EMI02,RSI_03,2025-05,31,30,22383,0.339454049949,0.611624893893
EMI02,RSI_03,2025-06,30,30,21648,0.318412786401,0.58513488544
EMI02,RSI_03,2025-07,31,29,22375,0.398480446927,0.654033519553
EMI02,RSI_03,2025-08,31,31,22401,0.324003392706,0.564617650998
EMI02,RSI_03,2025-09,30,30,21718,0.386821990975,0.652868588268
EMI02,RSI_03,2025-10,31,31,22496,0.370999288762,0.661984352774
EMI02,RSI_03,2025-11,30,29,21826,0.392971685146,0.653715751856
EMI02,RSI_03,2025-12,31,31,22581,0.320800673132,0.599707718879
EMI02,RSI_03,2026-01,31,31,22568,0.372740163063,0.679457639135
EMI02,RSI_03,2026-02,28,0,20332,0,0
EMI02,RSI_03,2026-03,31,2,22463,4.45176512487e-05,0.00071228241998
EMI02,RSI_03,2026-04,30,0,21694,0,0
EMI02,RSI_03,2026-05,31,10,22383,0.00151900996292,0.0192110083546
EMI02,RSI_03,2026-06,30,30,21648,0.263627124908,0.463922764228
EMI03,DHI,2024-12,11,0,8013,0,0
EMI03,DHI,2025-01,31,20,22568,0.49463842609,0.555786954981
EMI03,DHI,2025-02,28,28,20330,0.882833251353,0.97953762912
EMI03,DHI,2025-03,31,29,22464,0.816506410256,0.910211894587
EMI03,DHI,2025-04,30,30,21693,0.852256488268,0.937122574102
EMI03,DHI,2025-05,31,31,22383,0.903140776482,0.981771880445
EMI03,DHI,2025-06,30,30,21648,0.852596082779,0.930709534368
EMI03,DHI,2025-07,31,25,22375,0.711597765363,0.769608938547
EMI03,DHI,2025-08,31,31,22401,0.845364046248,0.925672961029
EMI03,DHI,2025-09,30,30,21718,0.907772354729,0.98443687264
EMI03,DHI,2025-10,31,31,22496,0.895403627312,0.984130512091
EMI03,DHI,2025-11,30,30,21826,0.904975717035,0.978236965088
EMI03,DHI,2025-12,31,31,22581,0.8831318365,0.976041805057
EMI03,DHI,2026-01,31,31,22568,0.912486706842,0.981522509748
EMI03,DHI,2026-02,28,28,20332,0.884271099744,0.975801691914
EMI03,DHI,2026-03,31,31,22463,0.909183991453,0.983483951387
EMI03,DHI,2026-04,30,30,21694,0.918548907532,0.986678344243
EMI03,DHI,2026-05,31,31,22383,0.899343251575,0.980386900773
EMI03,DHI,2026-06,30,30,21648,0.931725794531,0.989375461936
EMI03,DNIcosZ,2024-12,11,0,8013,0,0
EMI03,DNIcosZ,2025-01,31,17,22568,0.231168025523,0.328739808579
EMI03,DNIcosZ,2025-02,28,28,20330,0.413133300541,0.569945892769
EMI03,DNIcosZ,2025-03,31,6,22464,0.0835113960114,0.112669159544
EMI03,DNIcosZ,2025-04,30,2,21693,0.000138293458719,0.00138293458719
EMI03,DNIcosZ,2025-05,31,0,22383,0,0
EMI03,DNIcosZ,2025-06,30,5,21648,0.0357076866223,0.0468403547672
EMI03,DNIcosZ,2025-07,31,28,22375,0.129608938547,0.184759776536
EMI03,DNIcosZ,2025-08,31,17,22401,0.0494620775858,0.0776304629258
EMI03,DNIcosZ,2025-09,30,10,21718,0.0129385762962,0.0243576756607
EMI03,DNIcosZ,2025-10,31,7,22496,0.0239153627312,0.0343616642959
EMI03,DNIcosZ,2025-11,30,4,21826,0.0102629890956,0.0175020617612
EMI03,DNIcosZ,2025-12,31,1,22581,0.0030556662681,0.00385279659891
EMI03,DNIcosZ,2026-01,31,0,22568,0,0
EMI03,DNIcosZ,2026-02,28,3,20332,0.0160830218375,0.0200177060791
EMI03,DNIcosZ,2026-03,31,8,22463,0.00324978854116,0.0101500244847
EMI03,DNIcosZ,2026-04,30,2,21694,0.00147506222919,0.00322669862635
EMI03,DNIcosZ,2026-05,31,13,22383,0.00214448465353,0.0218916141715
EMI03,DNIcosZ,2026-06,30,30,21648,0.00808388765706,0.0738174427199
EMI03,GHI,2024-12,11,0,8013,0,0
EMI03,GHI,2025-01,31,20,22568,0.50779865296,0.556008507621
EMI03,GHI,2025-02,28,28,20330,0.903443187408,0.978750614855
EMI03,GHI,2025-03,31,6,22464,0.146590099715,0.162971866097
EMI03,GHI,2025-04,30,2,21693,0.000138293458719,0.00138293458719
EMI03,GHI,2025-05,31,0,22383,0,0
EMI03,GHI,2025-06,30,7,21648,0.158906134516,0.172163710273
EMI03,GHI,2025-07,31,31,22375,0.904446927374,0.979039106145
EMI03,GHI,2025-08,31,31,22401,0.842507030936,0.923530199545
EMI03,GHI,2025-09,30,30,21718,0.905746385487,0.983423888019
EMI03,GHI,2025-10,31,31,22496,0.890291607397,0.982708036984
EMI03,GHI,2025-11,30,30,21826,0.902455786676,0.978740951159
EMI03,GHI,2025-12,31,31,22581,0.876887648908,0.975288959745
EMI03,GHI,2026-01,31,31,22568,0.902871322226,0.979705778093
EMI03,GHI,2026-02,28,28,20332,0.872860515444,0.974473735983
EMI03,GHI,2026-03,31,31,22463,0.898633308107,0.979922539287
EMI03,GHI,2026-04,30,30,21694,0.902830275652,0.982760210196
EMI03,GHI,2026-05,31,31,22383,0.882946879328,0.976500022338
EMI03,GHI,2026-06,30,30,21648,0.915696600148,0.98572616408
EMI03,POA,2024-12,11,0,8013,0,0
EMI03,POA,2025-01,31,20,22568,0.506868131868,0.555964197093
EMI03,POA,2025-02,28,28,20330,0.904131824889,0.979340875553
EMI03,POA,2025-03,31,6,22464,0.145788817664,0.162971866097
EMI03,POA,2025-04,30,2,21693,0.000138293458719,0.00138293458719
EMI03,POA,2025-05,31,0,22383,0,0
EMI03,POA,2025-06,30,1,21648,9.23872875092e-05,0.000831485587583
EMI03,POA,2025-07,31,0,22375,0,0
EMI03,POA,2025-08,31,5,22401,0.000892817284943,0.00946386322039
EMI03,POA,2025-09,30,6,21718,0.000322313288516,0.00515701261626
EMI03,POA,2025-10,31,1,22496,4.44523470839e-05,0.000711237553343
EMI03,POA,2025-11,30,0,21826,0,0
EMI03,POA,2025-12,31,0,22581,0,0
EMI03,POA,2026-01,31,0,22568,0,0
EMI03,POA,2026-02,28,0,20332,0,0
EMI03,POA,2026-03,31,2,22463,4.45176512487e-05,0.00071228241998
EMI03,POA,2026-04,30,0,21694,0,0
EMI03,POA,2026-05,31,10,22383,0.00156368672653,0.0192110083546
EMI03,POA,2026-06,30,30,21648,0.00517368810052,0.0693366592757
EMI03,RSI_01,2024-12,11,0,8013,0,0
EMI03,RSI_01,2025-01,31,20,22568,0.00522864232542,0.0726692662177
EMI03,RSI_01,2025-02,28,28,20330,0.0101328086572,0.138121003443
EMI03,RSI_01,2025-03,31,6,22464,0.00280448717949,0.0327635327635
EMI03,RSI_01,2025-04,30,2,21693,0.000138293458719,0.00138293458719
EMI03,RSI_01,2025-05,31,0,22383,0,0
EMI03,RSI_01,2025-06,30,0,21648,0,0
EMI03,RSI_01,2025-07,31,0,22375,0,0
EMI03,RSI_01,2025-08,31,5,22401,0.000892817284943,0.00946386322039
EMI03,RSI_01,2025-09,30,6,21718,0.000322313288516,0.00515701261626
EMI03,RSI_01,2025-10,31,1,22496,4.44523470839e-05,0.000711237553343
EMI03,RSI_01,2025-11,30,0,21826,0,0
EMI03,RSI_01,2025-12,31,0,22581,0,0
EMI03,RSI_01,2026-01,31,0,22568,0,0
EMI03,RSI_01,2026-02,28,0,20332,0,0
EMI03,RSI_01,2026-03,31,2,22463,4.45176512487e-05,0.00071228241998
EMI03,RSI_01,2026-04,30,0,21694,0,0
EMI03,RSI_01,2026-05,31,10,22383,0.00156368672653,0.0192110083546
EMI03,RSI_01,2026-06,30,30,21648,0.00517368810052,0.0693366592757
EMI03,RSI_02,2024-12,11,0,8013,0,0
EMI03,RSI_02,2025-01,31,20,22568,0.244106699752,0.387274016306
EMI03,RSI_02,2025-02,28,28,20330,0.394540088539,0.690998524348
EMI03,RSI_02,2025-03,31,29,22464,0.354389245014,0.61582977208
EMI03,RSI_02,2025-04,30,30,21693,0.320425943853,0.581984972111
EMI03,RSI_02,2025-05,31,30,22383,0.334450252424,0.605995621677
EMI03,RSI_02,2025-06,30,30,21648,0.318828529194,0.58698263119
EMI03,RSI_02,2025-07,31,15,22375,0.17930726257,0.309586592179
EMI03,RSI_02,2025-08,31,5,22401,0.000892817284943,0.00946386322039
EMI03,RSI_02,2025-09,30,6,21718,0.000322313288516,0.00515701261626
EMI03,RSI_02,2025-10,31,1,22496,4.44523470839e-05,0.000711237553343
EMI03,RSI_02,2025-11,30,0,21826,0,0
EMI03,RSI_02,2025-12,31,0,22581,0,0
EMI03,RSI_02,2026-01,31,0,22568,0,0
EMI03,RSI_02,2026-02,28,0,20332,0,0
EMI03,RSI_02,2026-03,31,2,22463,4.45176512487e-05,0.00071228241998
EMI03,RSI_02,2026-04,30,0,21694,0,0
EMI03,RSI_02,2026-05,31,10,22383,0.00156368672653,0.0192110083546
EMI03,RSI_02,2026-06,30,30,21648,0.00517368810052,0.0693366592757
EMI03,RSI_03,2024-12,11,0,8013,0,0
EMI03,RSI_03,2025-01,31,20,22568,0.0347394540943,0.243220489188
EMI03,RSI_03,2025-02,28,28,20330,0.081308411215,0.498180029513
EMI03,RSI_03,2025-03,31,6,22464,0.0130876068376,0.0869391025641
EMI03,RSI_03,2025-04,30,2,21693,0.000138293458719,0.00138293458719
EMI03,RSI_03,2025-05,31,0,22383,0,0
EMI03,RSI_03,2025-06,30,0,21648,0,0
EMI03,RSI_03,2025-07,31,0,22375,0,0
EMI03,RSI_03,2025-08,31,5,22401,0.000892817284943,0.00946386322039
EMI03,RSI_03,2025-09,30,6,21718,0.000322313288516,0.00515701261626
EMI03,RSI_03,2025-10,31,1,22496,4.44523470839e-05,0.000711237553343
EMI03,RSI_03,2025-11,30,0,21826,0,0
EMI03,RSI_03,2025-12,31,0,22581,0,0
EMI03,RSI_03,2026-01,31,0,22568,0,0
EMI03,RSI_03,2026-02,28,0,20332,0,0
EMI03,RSI_03,2026-03,31,2,22463,4.45176512487e-05,0.00071228241998
EMI03,RSI_03,2026-04,30,0,21694,0,0
EMI03,RSI_03,2026-05,31,10,22383,0.00156368672653,0.0192110083546
EMI03,RSI_03,2026-06,30,30,21648,0.00517368810052,0.0693366592757
EMI04,DHI,2024-12,11,0,8013,0,0
EMI04,DHI,2025-01,31,17,22568,0.47709145693,0.534074796172
EMI04,DHI,2025-02,28,28,20330,0.881947860305,0.978947368421
EMI04,DHI,2025-03,31,29,22464,0.816773504274,0.912081552707
EMI04,DHI,2025-04,30,30,21693,0.843866685106,0.932743281243
EMI04,DHI,2025-05,31,31,22383,0.899968726265,0.980833668409
EMI04,DHI,2025-06,30,30,21648,0.896341463415,0.979028085735
EMI04,DHI,2025-07,31,31,22375,0.910837988827,0.980245810056
EMI04,DHI,2025-08,31,31,22401,0.863443596268,0.944645328334
EMI04,DHI,2025-09,30,30,21718,0.911455935169,0.983331798508
EMI04,DHI,2025-10,31,31,22496,0.894692389758,0.984130512091
EMI04,DHI,2025-11,30,30,21826,0.895399981673,0.979428204893
EMI04,DHI,2025-12,31,31,22581,0.87874761968,0.975510384837
EMI04,DHI,2026-01,31,31,22568,0.906947890819,0.979883020206
EMI04,DHI,2026-02,28,28,20332,0.873893370057,0.974178634665
EMI04,DHI,2026-03,31,31,22463,0.898588790455,0.979299292169
EMI04,DHI,2026-04,30,30,21694,0.901585691896,0.982068774776
EMI04,DHI,2026-05,31,31,22383,0.877451637403,0.976231961757
EMI04,DHI,2026-06,30,30,21648,0.916435698448,0.983416481892
EMI04,DNIcosZ,2024-12,11,0,8013,0,0
EMI04,DNIcosZ,2025-01,31,20,22568,0.245834810351,0.356522509748
EMI04,DNIcosZ,2025-02,28,28,20330,0.4191834727,0.57796360059
EMI04,DNIcosZ,2025-03,31,28,22464,0.342147435897,0.463897792023
EMI04,DNIcosZ,2025-04,30,29,21693,0.158346010234,0.231364956438
EMI04,DNIcosZ,2025-05,31,28,22383,0.0746101952375,0.122905776706
EMI04,DNIcosZ,2025-06,30,26,21648,0.0867054693274,0.14689578714
EMI04,DNIcosZ,2025-07,31,28,22375,0.101899441341,0.154055865922
EMI04,DNIcosZ,2025-08,31,23,22401,0.027275568055,0.0628989777242
EMI04,DNIcosZ,2025-09,30,28,21718,0.0108205175431,0.0884059305645
EMI04,DNIcosZ,2025-10,31,30,22496,0.0251600284495,0.166607396871
EMI04,DNIcosZ,2025-11,30,30,21826,0.062677540548,0.179464858426
EMI04,DNIcosZ,2025-12,31,22,22581,0.0256853106594,0.069660333909
EMI04,DNIcosZ,2026-01,31,16,22568,0.00970400567175,0.0320808224034
EMI04,DNIcosZ,2026-02,28,18,20332,0.0510525280346,0.0846448947472
EMI04,DNIcosZ,2026-03,31,27,22463,0.137470507056,0.192449806348
EMI04,DNIcosZ,2026-04,30,28,21694,0.0686364893519,0.126717064626
EMI04,DNIcosZ,2026-05,31,26,22383,0.0887727293035,0.154536925345
EMI04,DNIcosZ,2026-06,30,30,21648,0.108093126386,0.187176644494
EMI04,GHI,2024-12,11,0,8013,0,0
EMI04,GHI,2025-01,31,20,22568,0.547146401985,0.595710740872
EMI04,GHI,2025-02,28,28,20330,0.908165272996,0.979094933596
EMI04,GHI,2025-03,31,29,22464,0.835292022792,0.912526709402
EMI04,GHI,2025-04,30,30,21693,0.851841607892,0.932881574702
EMI04,GHI,2025-05,31,31,22383,0.904436402627,0.980833668409
EMI04,GHI,2025-06,30,30,21648,0.899297856615,0.978981892092
EMI04,GHI,2025-07,31,31,22375,0.912983240223,0.98051396648
EMI04,GHI,2025-08,31,31,22401,0.864648899603,0.944422124012
EMI04,GHI,2025-09,30,30,21718,0.913067501612,0.984160604107
EMI04,GHI,2025-10,31,31,22496,0.895181365576,0.983641536273
EMI04,GHI,2025-11,30,30,21826,0.909328324017,0.980481993952
EMI04,GHI,2025-12,31,31,22581,0.884416102033,0.97652894026
EMI04,GHI,2026-01,31,31,22568,0.912309464729,0.980724920241
EMI04,GHI,2026-02,28,28,20332,0.88500885304,0.976293527444
EMI04,GHI,2026-03,31,31,22463,0.908605261986,0.981925833593
EMI04,GHI,2026-04,30,30,21694,0.917212132387,0.98497280354
EMI04,GHI,2026-05,31,31,22383,0.891346110888,0.977616941429
EMI04,GHI,2026-06,30,30,21648,0.927799334812,0.985449002217
EMI04,POA,2024-12,11,0,8013,0,0
EMI04,POA,2025-01,31,20,22568,0.545108117689,0.595533498759
EMI04,POA,2025-02,28,28,20330,0.905705853419,0.978307919331
EMI04,POA,2025-03,31,29,22464,0.834401709402,0.911502849003
EMI04,POA,2025-04,30,30,21693,0.85096574932,0.932558889965
EMI04,POA,2025-05,31,31,22383,0.904793816736,0.980923021936
EMI04,POA,2025-06,30,30,21648,0.899251662971,0.978058019217
EMI04,POA,2025-07,31,31,22375,0.91530726257,0.979709497207
EMI04,POA,2025-08,31,31,22401,0.864425695281,0.944064997098
EMI04,POA,2025-09,30,30,21718,0.911363845658,0.983147619486
EMI04,POA,2025-10,31,31,22496,0.892914295875,0.98368598862
EMI04,POA,2025-11,30,30,21826,0.904013561807,0.979932190965
EMI04,POA,2025-12,31,31,22581,0.880917585581,0.976440370223
EMI04,POA,2026-01,31,5,22568,0.132577100319,0.144718185041
EMI04,POA,2026-02,28,0,20332,0,0
EMI04,POA,2026-03,31,2,22463,4.45176512487e-05,0.00071228241998
EMI04,POA,2026-04,30,0,21694,0,0
EMI04,POA,2026-05,31,2,22383,0.000178707054461,0.00285931287138
EMI04,POA,2026-06,30,0,21648,0,0
EMI04,RSI_01,2024-12,11,0,8013,0,0
EMI04,RSI_01,2025-01,31,17,22568,0.137938674229,0.284429280397
EMI04,RSI_01,2025-02,28,28,20330,0.25046728972,0.502311854402
EMI04,RSI_01,2025-03,31,28,22464,0.253783831909,0.476896367521
EMI04,RSI_01,2025-04,30,29,21693,0.212418752593,0.408749366155
EMI04,RSI_01,2025-05,31,30,22383,0.252200330608,0.487423491042
EMI04,RSI_01,2025-06,30,30,21648,0.243301921656,0.453944937177
EMI04,RSI_01,2025-07,31,29,22375,0.338055865922,0.570905027933
EMI04,RSI_01,2025-08,31,28,22401,0.240614258292,0.425739922325
EMI04,RSI_01,2025-09,30,25,21718,0.00308499861866,0.0467354268349
EMI04,RSI_01,2025-10,31,30,22496,0.00782361308677,0.114109174964
EMI04,RSI_01,2025-11,30,28,21826,0.00664345276276,0.0944286630624
EMI04,RSI_01,2025-12,31,1,22581,0.000132855055135,0.00212568088216
EMI04,RSI_01,2026-01,31,0,22568,0,0
EMI04,RSI_01,2026-02,28,0,20332,0,0
EMI04,RSI_01,2026-03,31,2,22463,4.45176512487e-05,0.00071228241998
EMI04,RSI_01,2026-04,30,0,21694,0,0
EMI04,RSI_01,2026-05,31,2,22383,0.000178707054461,0.00285931287138
EMI04,RSI_01,2026-06,30,0,21648,0,0
EMI04,RSI_02,2024-12,11,0,8013,0,0
EMI04,RSI_02,2025-01,31,20,22568,0.160802906771,0.316643034385
EMI04,RSI_02,2025-02,28,28,20330,0.256517461879,0.504131824889
EMI04,RSI_02,2025-03,31,28,22464,0.229255698006,0.448851495726
EMI04,RSI_02,2025-04,30,29,21693,0.199004287097,0.387175586595
EMI04,RSI_02,2025-05,31,30,22383,0.237635705669,0.469195371487
EMI04,RSI_02,2025-06,30,30,21648,0.227180339985,0.434405025868
EMI04,RSI_02,2025-07,31,29,22375,0.296938547486,0.536089385475
EMI04,RSI_02,2025-08,31,28,22401,0.202937368867,0.374849337083
EMI04,RSI_02,2025-09,30,30,21718,0.241228474077,0.436043834607
EMI04,RSI_02,2025-10,31,30,22496,0.223550853485,0.445945945946
EMI04,RSI_02,2025-11,30,30,21826,0.243608540273,0.487446165124
EMI04,RSI_02,2025-12,31,30,22581,0.187369912759,0.390018156858
EMI04,RSI_02,2026-01,31,5,22568,0.028801843318,0.0496277915633
EMI04,RSI_02,2026-02,28,0,20332,0,0
EMI04,RSI_02,2026-03,31,2,22463,4.45176512487e-05,0.00071228241998
EMI04,RSI_02,2026-04,30,0,21694,0,0
EMI04,RSI_02,2026-05,31,2,22383,0.000178707054461,0.00285931287138
EMI04,RSI_02,2026-06,30,0,21648,0,0
EMI04,RSI_03,2024-12,11,0,8013,0,0
EMI04,RSI_03,2025-01,31,20,22568,0.156504785537,0.314471818504
EMI04,RSI_03,2025-02,28,28,20330,0.254697491392,0.508853910477
EMI04,RSI_03,2025-03,31,28,22464,0.23806980057,0.45957977208
EMI04,RSI_03,2025-04,30,29,21693,0.202738210483,0.401235421565
EMI04,RSI_03,2025-05,31,30,22383,0.236206049234,0.477281865702
EMI04,RSI_03,2025-06,30,30,21648,0.231753510717,0.44512195122
EMI04,RSI_03,2025-07,31,29,22375,0.31651396648,0.571173184358
EMI04,RSI_03,2025-08,31,28,22401,0.212936922459,0.398866122048
EMI04,RSI_03,2025-09,30,30,21718,0.236762132793,0.442858458422
EMI04,RSI_03,2025-10,31,30,22496,0.230218705548,0.466794096728
EMI04,RSI_03,2025-11,30,30,21826,0.255933290571,0.523916429946
EMI04,RSI_03,2025-12,31,30,22581,0.205039635091,0.441167353084
EMI04,RSI_03,2026-01,31,31,22568,0.269939737682,0.515907479617
EMI04,RSI_03,2026-02,28,25,20332,0.219801298446,0.415994491442
EMI04,RSI_03,2026-03,31,30,22463,0.263856118951,0.493923340605
EMI04,RSI_03,2026-04,30,30,21694,0.22789711441,0.462155434682
EMI04,RSI_03,2026-05,31,30,22383,0.225170888621,0.438234374302
EMI04,RSI_03,2026-06,30,30,21648,0.315779748707,0.599362527716
EMI05,GHI,2024-12,11,11,8013,0.903157369275,0.908398851866
EMI05,GHI,2025-01,31,31,22568,0.997341368309,0.999778447359
EMI05,GHI,2025-02,28,0,20330,0,0
EMI05,GHI,2025-03,31,0,22464,0,0
EMI05,GHI,2025-04,30,0,21693,0,0
EMI05,GHI,2025-05,31,0,22383,0,0
EMI05,GHI,2025-06,30,0,21648,0,0
EMI05,GHI,2025-07,31,15,22375,0.40487150838,0.404960893855
EMI05,GHI,2025-08,31,7,22401,0.0160260702647,0.0280791036114
EMI05,GHI,2025-09,30,26,21718,0.0419467722626,0.0870245878994
EMI05,GHI,2025-10,31,29,22496,0.00706792318634,0.100684566145
EMI05,GHI,2025-11,30,1,21826,4.58169156052e-05,0.000733070649684
EMI05,GHI,2025-12,31,8,22581,0.229086400071,0.253930295381
EMI05,GHI,2026-01,31,31,22568,0.976205246367,0.994549805034
EMI05,GHI,2026-02,28,28,20332,0.996950619713,0.99950816447
EMI05,GHI,2026-03,31,31,22463,0.997996705694,0.999955482349
EMI05,GHI,2026-04,30,30,21694,0.992670784549,0.998386650687
EMI05,GHI,2026-05,31,31,22383,0.993566546039,0.998123575928
EMI05,GHI,2026-06,30,30,21648,0.997320768662,1
